{"validation_loss": 3.5592947006225586, "bleu": 11.495585339733466}