{"validation_loss": 3.73506760597229, "bleu": 10.61008562829748}