{"validation_loss": 3.411129951477051, "bleu": 12.813877376014643}