{"validation_loss": 4.682590007781982, "bleu": 7.065758148959085}