{"validation_loss": 4.228126049041748, "bleu": 9.554974358403518}