{"validation_loss": 3.164742946624756, "bleu": 13.76262539712313}