{"validation_loss": 3.954273223876953, "bleu": 10.109613023286226}