{"validation_loss": 3.2828333377838135, "bleu": 13.06441254469931}